{"cameraMode":{"drawMode":0,"name":"Shaded","section":"Shading Mode"},"sceneLighting":true,"audioPlay":false,"sceneViewState":{"showFog":true,"showMaterialUpdate":false,"showSkybox":true,"showFlares":true,"showImageEffects":true,"showParticleSystems":true},"in2DMode":false,"pivot":{"x":431.53363037109377,"y":415.0928955078125,"z":-315.2819519042969},"rotation":{"x":-0.010807131417095662,"y":-0.020400114357471467,"z":0.00022052947315387428,"w":-0.9997333288192749},"size":215.0633087158203,"orthographic":false}